original_file,new_file,picture_id,confidence,note
Gemini_Generated_Image_oqpibvoqpibvoqpi.jpg,meadow__alt1.jpg,meadow,high,"Second meadow, saved 3 min before the rest of batch 1 (an early test?). Has the winding dirt path; the in-sequence one has an open centre like the other scenes, so it gets the ID. Swap if you prefer this one."
Gemini_Generated_Image_qamu81qamu81qamu.jpg,modern.jpg,modern,high,
Gemini_Generated_Image_4gyvi74gyvi74gyv.jpg,meadow.jpg,meadow,high,"In batch order; tall-grass patches, ledges, signpost, town rooftops; path is broken into sandy patches rather than one winding path."
Gemini_Generated_Image_795pt4795pt4795p.jpg,deepcave.jpg,deepcave,high,
Gemini_Generated_Image_myqdkhmyqdkhmyqd.jpg,flowers.jpg,flowers,high,
Gemini_Generated_Image_kbuawokbuawokbua.jpg,hills.jpg,hills,high,
Gemini_Generated_Image_13ezsh13ezsh13ez.jpg,cave.jpg,cave,high,
Gemini_Generated_Image_ef17shef17shef17.jpg,league.jpg,league,high,
Gemini_Generated_Image_z8k42nz8k42nz8k4.jpg,beach.jpg,beach,high,
Gemini_Generated_Image_mah289mah289mah2.jpg,marsh.jpg,marsh,high,
Gemini_Generated_Image_y8eq5my8eq5my8eq.jpg,haunted.jpg,haunted,high,
Gemini_Generated_Image_snhq67snhq67snhq.jpg,forest.jpg,forest,high,
Gemini_Generated_Image_kwlufekwlufekwlu.jpg,lake.jpg,lake,high,
Gemini_Generated_Image_7z5ya47z5ya47z5y.jpg,volcano.jpg,volcano,high,
Gemini_Generated_Image_yg9bklyg9bklyg9b.jpg,industrial.jpg,industrial,high,
Gemini_Generated_Image_6eeiji6eeiji6eei.jpg,evening.jpg,evening,high,
Gemini_Generated_Image_1pl1321pl1321pl1.jpg,sea.jpg,sea,high,
Gemini_Generated_Image_umj8m4umj8m4umj8.jpg,icecave.jpg,icecave,high,
Gemini_Generated_Image_p64hzhp64hzhp64h.jpg,lair-island.jpg,lair-island,high,
Gemini_Generated_Image_ytrcyhytrcyhytrc.jpg,a25.jpg,a25,high,
Gemini_Generated_Image_76qxns76qxns76qx.jpg,a26.jpg,a26,high,
Gemini_Generated_Image_hpcwfhpcwfhpcwfh.jpg,champion.jpg,champion,high,
Gemini_Generated_Image_m5bts7m5bts7m5bt.jpg,harbour.jpg,harbour,high,
Gemini_Generated_Image_lk3o6wlk3o6wlk3o.jpg,village.jpg,village,high,
Gemini_Generated_Image_tgltyptgltyptglt.jpg,farm.jpg,farm,high,
Gemini_Generated_Image_je51nnje51nnje51.jpg,oldforest.jpg,oldforest,high,
Gemini_Generated_Image_w6tul4w6tul4w6tu.jpg,mountain.jpg,mountain,high,
Gemini_Generated_Image_harg8bharg8bharg.jpg,oldtown.jpg,oldtown,high,
Gemini_Generated_Image_y1kf1ay1kf1ay1kf.jpg,lair-ruins.jpg,lair-ruins,high,
Gemini_Generated_Image_h40v3h40v3h40v3h.jpg,lair-sea.jpg,lair-sea,high,
Gemini_Generated_Image_byxa5tbyxa5tbyxa.jpg,lair-shrine.jpg,lair-shrine,high,
Gemini_Generated_Image_gztr4igztr4igztr.jpg,a54.jpg,a54,high,"Has snowy pines like a snowfield, but shows the flat summit clearing and clouds far below under a pale sun; sits in batch 2 order."
Gemini_Generated_Image_s8j9s0s8j9s0s8j9.jpg,a57.jpg,a57,high,
Gemini_Generated_Image_3vj5e3vj5e3vj5e3.jpg,crystal.jpg,crystal,high,
Gemini_Generated_Image_sln9n2sln9n2sln9.jpg,desert.jpg,desert,high,
Gemini_Generated_Image_wncyemwncyemwncy.jpg,jungle.jpg,jungle,high,
Gemini_Generated_Image_phpuesphpuesphpu.jpg,lair-summit.jpg,lair-summit,high,
Gemini_Generated_Image_q4djuyq4djuyq4dj.jpg,lair-volcano.jpg,lair-volcano,high,
Gemini_Generated_Image_kbikh3kbikh3kbik.jpg,a93.jpg,a93,high,
Gemini_Generated_Image_n7dnadn7dnadn7dn.jpg,frontier.jpg,frontier,high,
Gemini_Generated_Image_prg4wuprg4wuprg4.jpg,mine.jpg,mine,high,"Working mine with conveyor belt and coal seam (not the abandoned a652)."
Gemini_Generated_Image_vdsf9bvdsf9bvdsf.jpg,snowtown.jpg,snowtown,high,
Gemini_Generated_Image_bo7fgobo7fgobo7f.jpg,lair-frozen.jpg,lair-frozen,high,
Gemini_Generated_Image_f4b7scf4b7scf4b7.jpg,a121.jpg,a121,high,
Gemini_Generated_Image_pgit0opgit0opgit.jpg,a123.jpg,a123,high,
Gemini_Generated_Image_le25ckle25ckle25.jpg,a126.jpg,a126,high,
Gemini_Generated_Image_aox634aox634aox6.jpg,a128.jpg,a128,high,"Also shows a small lighthouse on the horizon (not in the prompt)."
Gemini_Generated_Image_m4jt5ym4jt5ym4jt.jpg,a127.jpg,a127,high,"Off-prompt: shows a moon although Newmoon Island should be moonless. Twisted black trees, ring clearing and mist all match; nothing else fits."
Gemini_Generated_Image_h61ur5h61ur5h61u.jpg,a129.jpg,a129,high,
Gemini_Generated_Image_crez0mcrez0mcrez.jpg,a122.jpg,a122,high,
Gemini_Generated_Image_18nuas18nuas18nu.jpg,a130.jpg,a130,high,
Gemini_Generated_Image_bamy7mbamy7mbamy.jpg,snow.jpg,snow,high,
Gemini_Generated_Image_je6ic5je6ic5je6i.jpg,a522.jpg,a522,high,
Gemini_Generated_Image_i2m2yi2m2yi2m2yi.jpg,lair-lab.jpg,lair-lab,high,"Dim steel lab rather than white, but has the teal glass tanks, broken consoles, cables and warning stripes."
Gemini_Generated_Image_hvfaoshvfaoshvfa.jpg,a551.jpg,a551,high,
Gemini_Generated_Image_8w7mhg8w7mhg8w7m.jpg,a552.jpg,a552,high,"Off-prompt: legible text ""Castelia Cafe"" painted on the shop sign."
Gemini_Generated_Image_tlxjmdtlxjmdtlxj.jpg,a554.jpg,a554,high,
Gemini_Generated_Image_7wwl4i7wwl4i7wwl.jpg,a555.jpg,a555,high,
Gemini_Generated_Image_lecz03lecz03lecz.jpg,badlands.jpg,badlands,high,
Gemini_Generated_Image_frab57frab57frab.jpg,lair-crystal.jpg,lair-crystal,high,"Only 1024x1024 (every other square image is 2048x2048)."
Gemini_Generated_Image_1wax051wax051wax.jpg,a651.jpg,a651,high,
Gemini_Generated_Image_kmjigrkmjigrkmji.jpg,a652.jpg,a652,high,"Abandoned mine with tunnels and broken rails (no conveyor, unlike mine)."
Gemini_Generated_Image_s278tss278tss278.jpg,a654.jpg,a654,high,
Gemini_Generated_Image_kvvsikkvvsikkvvs.jpg,tropical.jpg,tropical,high,
Gemini_Generated_Image_hfboswhfboswhfbo.jpg,a753.jpg,a753,high,
Gemini_Generated_Image_pv7u2vpv7u2vpv7u.jpg,a754.jpg,a754,high,
Gemini_Generated_Image_8yqp8s8yqp8s8yqp.jpg,a759.jpg,a759,high,"Mossy stone paths, ferns and buttress roots (no waterfall, unlike jungle)."
Gemini_Generated_Image_we3gemwe3gemwe3g.jpg,a761.jpg,a761,high,
Gemini_Generated_Image_neez22neez22neez.jpg,a764.jpg,a764,high,
Gemini_Generated_Image_d21kdbd21kdbd21k.jpg,ultra-space.jpg,ultra-space,high,
Gemini_Generated_Image_ts4gh3ts4gh3ts4g.jpg,a763.jpg,a763,high,"Storm, lightning and power plant match; the ground is more wet grass than rocky slope."
Gemini_Generated_Image_f00vw5f00vw5f00v.jpg,a762.jpg,a762,high,
Gemini_Generated_Image_2t4cw42t4cw42t4c.jpg,a823.jpg,a823,high,
Gemini_Generated_Image_d6xv09d6xv09d6xv.jpg,a824.jpg,a824,high,
Gemini_Generated_Image_maks3vmaks3vmaks.jpg,a851.jpg,a851,high,
Gemini_Generated_Image_rxcllarxcllarxcl.jpg,a853.jpg,a853,high,"Minor: letter-like squiggles on a wall sign."
Gemini_Generated_Image_n5kzrnn5kzrnn5kz.jpg,a852.jpg,a852,high,
Gemini_Generated_Image_7nkvfi7nkvfi7nkv.jpg,a855.jpg,a855,high,"Shrine and stone steps under a giant tree (vs a858: lone tree with red berries)."
Gemini_Generated_Image_i06r5ri06r5ri06r.jpg,a856.jpg,a856,high,"Winding river and several small waterfalls (vs jungle: one waterfall and a stream)."
Gemini_Generated_Image_slbdcqslbdcqslbd.jpg,a857.jpg,a857,high,
Gemini_Generated_Image_wc1a4pwc1a4pwc1a.jpg,a858.jpg,a858,high,
Gemini_Generated_Image_2b7w4h2b7w4h2b7w.jpg,a920.jpg,a920,high,
Gemini_Generated_Image_t3vth3t3vth3t3vt.jpg,a921.jpg,a921,high,
Gemini_Generated_Image_xj0l7oxj0l7oxj0l.jpg,blueberry.jpg,blueberry,high,
Gemini_Generated_Image_9s6s19s6s19s6s19.jpg,a952.jpg,a952,high,"One round sealed shrine door ringed by four wooden stakes, rather than four shrines; mist, twisted trees and purple gloom match."
Gemini_Generated_Image_z2u8cwz2u8cwz2u8.jpg,a954.jpg,a954,medium,"Craggy peak with a crystal-lined cave mouth, but no visible pool and no Japanese countryside. Could be mistaken for mountain; batch 7 timing and the crystals decide it."
Gemini_Generated_Image_uxadvkuxadvkuxad.jpg,a957.jpg,a957,high,"Minor: pseudo-Japanese lettering on the banners."
Gemini_Generated_Image_1xkj931xkj931xkj.jpg,a953.jpg,a953,high,
Gemini_Generated_Image_4xod7m4xod7m4xod.jpg,moment-lab.jpg,moment-lab,high,"3:2 (2528x1696) story-moment picture, not an area background."
