Red,Green,,,,,,
Blue,,,,,,,
Youngster,Bug Catcher,Lass,Sailor,Camper,Picnicker,Super Nerd,PokéManiac
Hiker,Rocker,Burglar,Engineer,Fisherman,Swimmer♂,Swimmer♀,Biker
,Beauty,Psychic♂,Psychic♀,Channeler,Juggler,Tamer,Bird Keeper
Black Belt,Scientist,Team Rocket♂,Team Rocket♀,Cooltrainer♂,Cooltrainer♀,Gentleman,
Twins,Karateka,Pokémon Breeder,Aroma Lady,Lady,Ranger♂,Ranger♀,Painter
Ruin Maniac,Little Swimmer,Swimmers,Sis & Bro,Cool Couple,Crush Kin,,Boss Giovanni
Champion Brock,Champion Misty,Champion Lt. Surge,Champion Erika,Champion Koga,Champion Sabrina,Champion Blaine,Champion Giovanni
Elite Lorelei,Elite Bruno,Elite Agatha,Elite Lance,,,,
Red Throw Frame 1,Red Throw Frame 2,Red Throw Frame 3,Red Throw Frame 4,Red Throw Frame 5,,,
Green Throw Frame 1,Green Throw Frame 2,Green Throw Frame 3,Green Throw Frame 4,Green Throw Frame 5,,,